"hospital_code","service_plan","bed_all","bed_icu","bed_nicu","bed_ccu","bed_icu_otherwards","bed_icu_all","operation_room","cmi_2015","ip_2015","day_spent_2015","totaladjrw_2015","op_visit_2015"
10674,"A",788,32,8,6,0,46,14,1.75,73719,308721,129114.8,979282
11192,"M2",101,4,0,0,0,4,2,0.7,9744,36100,6825.12,255343
11194,"M2",97,0,0,0,0,0,4,0.68,10432,33414,7085.41,177721
11189,"F1",66,0,0,0,0,0,1,0.61,5138,16759,3122.88,170314
11190,"F1",118,0,0,0,0,0,2,0.69,11103,34285,7008.65,315366
11196,"F1",64,0,0,0,0,0,1,0.53,6161,17965,3257,177919
11454,"F1",68,0,0,0,0,0,2,0.64,5472,23966,3228.37,142300
11199,"F2",34,0,0,0,0,0,0,0.61,2097,7148,1288.19,87469
11193,"F2",60,0,0,0,0,0,1,0.54,4577,13384,2449.61,92774
11191,"F2",30,0,0,0,0,0,0,0.64,2273,6645,1455.63,96655
11197,"F2",48,0,0,0,0,0,1,0.63,3106,9981,1969,131213
11200,"F2",30,0,0,0,0,0,0,0.52,2507,7019,1311.41,57766
11201,"F2",30,0,0,0,0,0,1,0.74,2422,5651,1800.27,74532
11195,"F2",59,0,0,0,0,0,0,0.55,5833,21413,3229,170205
11198,"F2",30,0,0,0,0,0,0,0.44,2234,6073,990,90777
11202,"F2",30,0,0,0,0,0,1,0.64,2528,7036,1622.72,72109
15012,"F2",30,0,0,0,0,0,1,0.72,2882,8029,2073.95,148630
28823,"F3",0,0,0,0,0,0,0,NA,NA,NA,NA,NA
10713,"A",609,69,24,12,0,105,18,1.85,51048,277340,94211.54,640128
11119,"M1",210,10,6,0,0,16,4,1.15,16814,67367,19254,324003
11125,"M1",210,8,8,0,0,16,7,1.08,13915,61196,15137,308430
11130,"M2",46,0,14,0,0,14,2,0.81,6752,27986,5481,172067
11128,"M2",160,7,0,0,5,12,4,0.98,13314,42381,1300.49,269011
11121,"F1",89,0,0,0,0,0,1,0.62,6998,21526,4351,165379
11131,"F1",88,0,0,0,0,0,2,0.76,7512,29990,5758.57,182269
11137,"F2",45,0,0,0,0,0,1,0.55,3435,10718,1892,97891
11133,"F2",30,0,0,0,0,0,0,0.57,3081,7321,1761,77454
11122,"F2",60,0,0,0,0,0,1,0.65,4513,15632,2954,130503
11643,"F2",30,0,0,0,0,0,0,0.65,1793,6723,1161,57572
11120,"F2",60,0,0,0,0,0,2,0.47,4826,10455,2314.87,98557
11127,"F2",67,0,0,0,0,0,1,0.61,4151,12934,2513,118868
11123,"F2",62,0,0,0,0,0,1,0.61,4873,15924,2956,137428
11138,"F2",30,0,0,0,0,0,1,0.48,4521,11424,2174,75027
11139,"F2",29,0,0,0,0,0,1,0.62,2206,7369,1368,61698
11126,"F2",70,0,0,0,0,0,1,0.69,5728,18996,3946,132799
11136,"F2",36,0,0,0,0,0,1,0.52,1495,4844,778,48330
11124,"F2",32,0,0,0,0,0,1,0.6,2467,8111,1480,53084
11129,"F2",30,0,0,0,0,0,0,0.86,3565,10631,3071,116989
11135,"F2",47,0,0,0,0,0,1,0.7,4424,15880,3097.24,176812
11134,"F2",60,0,0,0,0,0,1,0.51,4506,13896,2274,74899
11132,"F2",77,0,0,0,0,0,1,0.53,4389,13857,2340,143064
23736,"F3",10,0,0,0,0,0,0,0.48,1514,3947,727,25577
10716,"S",502,24,8,0,0,32,12,1.42,37863,173736,53728,362698
11453,"M2",105,8,0,0,0,8,4,0.84,7614,31497,6384,169672
11625,"F2",30,0,0,0,0,0,0,0.53,1248,3818,659,25223
11179,"F2",42,0,0,0,0,0,0,0.61,2053,6035,1253,70407
11176,"F2",49,0,0,0,0,0,0,0.63,4204,14404,2654,120881
11178,"F2",30,0,0,0,0,0,0,0.57,1833,6287,1053,51082
11175,"F2",43,0,0,0,0,0,0,0.63,3018,10045,1894,76120
11180,"F2",30,0,0,0,0,0,0,0.62,1497,4317,925,39437
11182,"F2",21,0,0,0,0,0,0,0.58,1361,4901,793,28882
11174,"F2",30,0,0,0,0,0,0,0.66,1287,3492,845,45591
11173,"F2",34,0,0,0,0,0,0,0.61,1704,5438,1044,39241
11177,"F2",84,0,0,0,0,0,1,0.65,5453,18318,3551,112642
11183,"F2",30,0,0,0,0,0,0,0.54,1294,3721,693,25482
11181,"F2",30,0,0,0,0,0,0,0.65,1288,4451,841,46015
25017,"F3",0,0,0,0,0,0,0,NA,NA,NA,NA,24548
10717,"S",400,10,6,0,0,16,10,1.34,27036,132725,36346,458076
10718,"M1",231,10,0,0,0,10,8,1.19,18248,73565,21728,343989
11184,"F2",59,0,0,0,0,0,0,0.65,3167,10764,2049,131379
11185,"F2",30,0,0,0,0,0,0,0.58,2079,5966,1208,63395
11186,"F2",86,0,0,0,0,0,1,0.59,6391,23496,3769,143972
11187,"F2",36,0,0,0,0,0,0,0.67,3572,11056,2375,128357
11188,"F2",34,0,0,0,0,0,0,0.65,1917,6769,1245,71239
40745,"F3",0,0,0,0,0,0,0,0,0,0,0,0
40744,"F3",0,0,0,0,0,0,0,0,0,0,0,0
10715,"S",500,18,6,2,0,26,8,1.33,40264,183939,53350,506781
11452,"F1",34,0,0,0,0,0,1,0.62,3292,9344,2047,108730
11166,"F2",54,0,0,0,0,0,1,0.62,5442,14345,3358,101757
11167,"F2",44,0,0,0,0,0,1,0.57,3115,8928,1783,106535
11171,"F2",30,0,0,0,0,0,1,0.49,3900,9192,1927,106008
11170,"F2",35,0,0,0,0,0,1,0.51,3145,6836,1606,96568
11169,"F2",43,0,0,0,0,0,1,0.61,3495,9492,2144,118738
11172,"F2",34,0,0,0,0,0,1,0.43,3372,7247,1440,72174
10719,"S",150,4,8,0,0,12,6,1.28,8036,41591,10261,179139
11205,"M2",115,6,3,0,0,9,2,0.78,7609,27585,5945,129245
11204,"F1",60,2,0,0,0,2,2,0.5,4005,13969,2015,90591
11203,"F2",37,0,0,0,0,0,1,0.48,3121,10011,1509,61351
11208,"F2",32,0,0,0,0,0,1,0.49,2378,8753,1168,56100
11206,"F2",30,0,0,0,0,0,1,0.45,2383,6495,1070,63196
11207,"F2",30,0,0,0,0,0,1,0.44,1814,5684,800,41799
10672,"A",781,51,12,8,0,71,27,2.12,56140,253297,118850,779953
11147,"M2",120,8,0,0,0,8,2,0.87,8730,32277,7396,175304
11152,"M2",60,0,0,0,0,0,1,0.76,5783,17237,4390,148921
11149,"F2",30,0,0,0,0,0,1,0.63,4295,11943,2713,130547
11150,"F2",30,0,0,0,0,0,1,0.66,2567,7633,1979,110745
11157,"F2",33,0,0,0,0,0,1,0.67,3045,8627,2031,74022
11154,"F2",30,0,0,0,0,0,1,0.65,2586,5534,1675,113572
11153,"F2",30,0,0,0,0,0,0,0.66,1232,3500,811,48024
11146,"F2",30,0,0,0,0,0,1,0.66,2154,4918,1431,118421
11151,"F2",43,0,0,0,0,0,1,0.54,4534,12730,2442,105400
11155,"F2",35,0,0,0,0,0,1,0.67,2876,7681,1938,77704
11148,"F2",30,0,0,0,0,0,1,0.62,2722,7248,1698,90615
11156,"F2",30,0,0,0,0,0,1,0.65,2973,7283,1918,125469
10714,"S",411,32,7,0,4,43,11,1.35,33132,139790,42003,352031
11142,"F1",60,0,0,0,0,0,1,0.62,5219,15829,3228,200441
11143,"F2",30,0,0,0,0,0,1,0.6,2429,5855,1451,63591
11145,"F2",30,0,0,0,0,0,1,0.56,1937,5005,1092,92076
11141,"F2",30,0,0,0,0,0,1,0.65,3059,7357,1985,129974
11144,"F2",75,0,0,0,0,0,1,0.68,4670,13794,3187,151751
11140,"F2",31,0,0,0,0,0,1,0.63,2416,4557,1511,93415
24956,"F3",30,0,0,0,0,0,0,0,NA,NA,NA,58889
10723,"S",365,8,8,0,4,20,6,1.31,24367,120076,32020.67,380106
10722,"S",310,8,8,0,0,16,9,1.1,20376,87141,22478.8,333789
11241,"M2",78,3,0,0,0,3,1,0.62,7638,19325,4698.9,83167
11243,"M2",72,4,3,0,0,7,2,0.73,4487,20298,3274.61,67447
11238,"F2",60,0,0,0,0,0,1,0.7,3166,9792,2208.29,110544
11242,"F2",90,0,0,0,0,0,1,0.49,5302,18729,2623.96,85162
11240,"F1",100,0,0,0,0,0,2,0.62,7780,30006,4839.94,126448
11239,"F2",36,0,0,0,0,0,1,0.75,1837,8268,1377.02,80156
27443,"F3",0,0,0,0,0,0,0,0,0,0,0,18421
10676,"A",1063,67,20,12,0,99,21,1.96,69740,376596,136774.09,899376
11455,"M2",82,0,0,0,0,0,2,0.72,6995,21935,5056.69,145178
11251,"F2",30,0,0,0,0,0,1,0.5,2974,7349,1489.08,83717
11257,"F2",30,0,0,0,0,0,1,0.58,3054,8725,1771.32,93837
11253,"F2",30,0,0,0,0,0,1,0.63,2784,9748,1752.53,108338
11252,"F2",39,0,0,0,0,0,1,0.58,5265,13473,3067.39,148748
11254,"F2",30,0,0,0,0,0,1,0.68,3647,13372,2472.3,117552
11256,"F2",120,0,0,0,0,0,1,0.6,5580,21355,3367.53,150250
11255,"F2",30,0,0,0,0,0,1,0.71,3562,11472,2529.02,96106
10727,"S",509,15,8,0,10,33,8,1.22,35058,184255,42930.1,381109
11266,"M2",190,8,7,0,10,25,8,0.9,16550,57123,14933.57,222007
11265,"M2",166,6,8,0,0,14,2,0.89,13272,48076,11757.63,261756
11457,"F1",121,0,2,0,0,2,2,0.84,7582,29085,6348.65,144048
11268,"F1",73,0,0,0,0,0,2,0.69,7740,31288,5310.83,154899
11272,"F2",30,0,0,0,0,0,1,0.56,3502,9925,1967.66,55753
11264,"F2",60,0,0,0,0,0,2,0.68,6931,23367,4734.69,133156
11269,"F2",60,0,0,0,0,0,2,0.63,7436,24212,4696.58,123546
11271,"F2",30,0,0,0,0,0,1,0.62,2729,5066,1680.45,76463
11267,"F2",58,0,0,0,0,0,1,0.72,3392,12909,2452.68,122279
11270,"F3",14,0,0,0,0,0,0,0.53,890,2459,470.84,35280
10724,"S",320,13,6,0,0,19,6,1.35,17263,82379,23351.23,303241
10725,"M1",307,15,6,0,0,21,6,1.32,15393,79048,20246.92,276676
11248,"M2",106,0,0,0,0,0,2,0.84,7003,24350,5876.44,160709
11246,"F2",34,0,0,0,0,0,1,0.62,3316,8843,2040.55,103093
11245,"F2",40,0,0,0,0,0,1,0.69,3537,13427,2430.18,109016
11250,"F2",43,0,0,0,0,0,1,0.65,2995,8920,1956.11,108659
11244,"F2",35,0,0,0,0,0,1,0.59,3508,9250,2083.29,91640
11249,"F2",31,0,0,0,0,0,1,0.68,1505,3836,1019.26,66163
11247,"F2",70,0,0,0,0,0,1,0.7,5264,18965,3693.65,154981
10673,"A",620,0,8,8,40,56,9,1.59,43929,251115,70036.98,582666
11160,"F1",30,0,0,0,0,0,1,0.57,2965,6913,1694.91,75166
11158,"F2",34,0,0,0,0,0,1,0.66,1899,6555,1253.07,82508
11165,"F2",35,0,0,0,0,0,1,0.59,1806,7269,1061.2,65977
11159,"F2",32,0,0,0,0,0,1,0.6,2688,7061,1606.45,86322
11162,"F2",30,0,0,0,0,0,1,0.53,1180,3163,629.34,33793
11163,"F2",60,0,0,0,0,0,1,0.6,5065,12770,3031.61,137637
11161,"F2",30,0,0,0,0,0,1,0.56,1098,2601,619.97,31688
11164,"F2",90,0,0,0,0,0,1,0.64,2327,9489,1497.69,97188
10721,"S",410,8,8,0,12,28,9,1.39,39981,160081,55393.68,435352
11231,"M2",98,0,0,0,0,0,1,0.75,7381,25051,5555.74,152237
11232,"F1",98,0,0,0,0,0,2,0.65,7652,23957,4937,152508
11230,"F2",73,0,0,0,0,0,1,0.69,7056,18678,5034,128760
11235,"F2",34,0,0,0,0,0,1,0.75,3091,8583,2291.78,95324
11229,"F2",36,0,0,0,0,0,1,0.65,3278,10462,2119.23,87987
14135,"F2",30,0,0,0,0,0,0,0.62,2764,7009,1722.52,58212
11236,"F2",30,0,0,0,0,0,1,0.49,2307,5788,1125.12,64349
11233,"F2",60,0,0,0,0,0,1,0.84,4543,14697,3843,125574
11234,"F2",30,0,0,0,0,0,0,0.59,2886,7601,1704.47,99534
28010,"F3",0,0,0,0,0,0,0,NA,NA,NA,NA,39299
11228,"F3",10,0,0,0,0,0,1,0.56,933,2759,524.35,59671
10694,"S",348,16,6,0,0,22,7,1.22,23711,108585,28844.43,343790
10802,"F2",30,0,0,0,0,0,1,0.55,2323,5046,1279.74,74816
10803,"F2",38,0,0,0,0,0,1,0.62,2847,7981,1757.17,97060
10805,"F2",41,0,0,0,0,0,1,0.65,3181,10640,2081.66,142140
10804,"F2",30,0,0,0,0,0,1,0.79,1414,5019,1122,77213
10806,"F2",30,0,0,0,0,0,1,0.73,2694,7969,1966.35,143386
27975,"F3",0,0,0,0,0,0,0,0,0,0,0,17502
27974,"F3",0,0,0,0,0,0,0,0,0,0,0,32141
10675,"A",659,24,8,4,0,36,12,1.99,47309,233066,94154.37,432585
11214,"M2",118,5,0,0,0,5,2,0.77,7011,26049,5408.29,193754
11218,"M2",97,0,0,0,0,0,2,0.7,7087,32172,4591.4,195406
11210,"F1",60,0,0,0,0,0,1,0.71,6641,18219,4719.09,117338
11215,"F1",68,0,0,0,0,0,2,NA,NA,NA,NA,117946
11213,"F2",35,0,0,0,0,0,0,0.54,2540,7299,1365,78455
11209,"F2",30,0,0,0,0,0,1,0.62,2054,7630,1266.7,98159
11219,"F2",34,0,0,0,0,0,1,0.66,2541,9396,1686.21,94536
11212,"F1",98,0,0,0,0,0,1,0.55,8125,28018,4491,180432
11217,"F2",30,0,0,0,0,0,0,0.58,3397,10237,1958.27,95430
11216,"F2",60,0,0,0,0,0,1,NA,NA,NA,NA,124406
11220,"F2",35,0,0,0,0,0,1,NA,NA,NA,NA,64437
11211,"F2",60,0,0,0,0,0,1,0.53,4264,16241,2224,140240
40749,"F3",0,0,0,0,0,0,1,NA,NA,NA,NA,23387
10726,"S",456,10,6,0,0,16,11,1.44,27370,133716,39436.45,358860
11260,"M2",92,3,1,0,0,4,2,0.74,6276,22485,4648.23,131203
11456,"M2",100,4,0,0,0,4,3,0.85,9005,29835,7661.27,173905
11263,"F2",34,0,0,0,0,0,0,0.67,2232,6939,1504.2,85787
11261,"F2",49,0,0,0,0,0,0,0.66,3789,10521,2509.91,102759
11259,"F2",35,0,0,0,0,0,0,0.62,2677,8054,1659.96,65915
11631,"F2",34,0,0,0,0,0,0,0.6,2277,5962,1374.63,61711
11258,"F2",35,0,0,0,0,0,0,0.9,2417,7982,2184.9,56670
11262,"F2",43,0,0,0,0,0,0,0.77,2059,7087,1583,60898
27980,"F3",0,0,0,0,0,0,0,0,0,0,0,0
27979,"F3",0,0,0,0,0,0,0,0,0,0,0,0
27978,"F3",0,0,0,0,0,0,0,0,0,0,0,0
10720,"S",365,16,4,0,0,20,6,1.34,19686,98720,26344,397421
11223,"F1",90,0,0,0,0,0,1,0.6,6063,25083,3641,162893
11221,"F2",105,0,0,0,0,0,1,0.58,8044,26609,4657,171289
11225,"F2",65,0,0,0,0,0,1,0.51,5226,15244,2655,145811
11226,"F2",60,0,0,0,0,0,1,0.62,5925,18813,3671.13,126399
11222,"F2",44,0,0,0,0,0,1,0.46,3718,12000,1707,78870
11227,"F2",30,0,0,0,0,0,1,0.52,2534,7871,1323,69428
11224,"F3",10,0,0,0,0,0,0,0.61,519,1252,318,39445
10698,"S",314,12,6,0,0,18,6,1.2,21015,105478,25138.14,331318
10864,"F2",70,0,0,0,0,0,1,0.5,5312,14976,2650.69,158761
10865,"F2",33,0,0,0,0,0,0,0.54,2534,7735,1380.78,97782
10863,"F3",10,0,0,0,0,0,0,0.57,1252,3291,708.63,90107
10686,"A",515,24,8,0,14,46,11,1.48,33535,187323,50178,690280
10758,"M2",47,0,0,0,0,0,1,0.77,4866,12041,3736.6,206927
10757,"M2",30,0,0,0,0,0,1,0.74,3329,12775,2467.12,232711
10756,"F1",30,0,0,0,0,0,1,0.74,2331,8562,1718.41,183347
10760,"F1",35,0,0,0,0,0,1,0.67,3509,11303,2339.45,190061
10759,"F2",65,0,0,0,0,0,1,0.73,3905,13208,2869.39,218843
28875,"F3",10,0,0,0,0,0,0,0,0,0,0,24798
10687,"S",380,14,12,0,23,49,8,1.3,30923,139010,40060.75,519729
10762,"M2",66,0,0,0,0,0,1,0.62,4085,15852,2542.91,143518
10761,"F2",34,0,0,0,0,0,1,0.71,3198,11003,2285.61,221225
10763,"F2",30,0,0,0,0,0,1,0.68,1615,5925,1103.85,121851
10765,"F2",31,0,0,0,0,0,1,0.57,1972,6237,1124.83,103137
10766,"F2",36,0,0,0,0,0,1,0.6,3564,11429,2150.52,192288
10764,"F2",36,0,0,0,0,0,1,1.01,1984,6949,1994.71,85226
10767,"F3",30,0,0,0,0,0,0,0.56,1112,4251,621.27,50049
10660,"A",524,24,8,0,0,32,10,1.5,35545,194819,53402.81,487640
10688,"M1",180,8,5,0,0,13,4,1.18,10790,59579,12765.65,288486
10772,"M2",48,0,0,0,0,0,4,0.63,4023,13338,2424.2,153935
10768,"F2",30,0,0,0,0,0,1,0.69,2304,7303,1590.22,129781
10770,"F2",30,0,0,0,0,0,1,0.57,2121,6707,1590.22,71698
10771,"F2",30,0,0,0,0,0,1,0.59,1320,4334,780.25,64118
10773,"F2",30,0,0,0,0,0,1,0.62,1952,6754,1210.04,95669
10774,"F2",30,0,0,0,0,0,1,0.69,2236,6911,1550.44,88103
10775,"F2",30,0,0,0,0,0,1,0.67,2891,10710,1925.12,101780
10776,"F2",30,0,0,0,0,0,1,0.66,1912,6472,1253.7,91080
10777,"F2",46,0,0,0,0,0,1,0.63,3041,10086,1907.92,118513
10769,"F2",45,0,0,0,0,0,1,0.69,2667,9496,1838.1,80103
10779,"F2",30,0,0,0,0,0,1,0.56,2375,8173,1330,165788
10778,"F3",10,0,0,0,0,0,1,0.67,637,2234,428.76,46783
10781,"F3",10,0,0,0,0,0,1,0.73,810,2645,594.14,44009
10780,"F3",10,0,0,0,0,0,1,0.79,3171,3171,726.52,49918
10690,"S",428,16,10,0,0,26,10,1.46,27365,157806,40084.25,533235
10691,"M1",258,8,5,0,0,13,6,1.24,12464,67048,15501.48,221941
10790,"M2",123,6,0,0,0,6,2,0.82,6584,25880,5422.58,167792
10791,"M2",154,8,4,0,0,12,4,0.85,10019,44045,8467.06,209241
10792,"F2",53,0,0,0,0,0,1,0.68,3019,8858,2046.58,103879
10793,"F2",31,0,0,0,0,0,1,0.58,2891,7409,1679.38,84722
10789,"F2",66,0,0,0,0,0,1,0.66,3535,12667,2341.23,150798
10796,"F2",30,0,0,0,0,0,0,0.8,2189,6913,1750.54,79826
10797,"F2",35,0,0,0,0,0,0,0.59,2596,7340,1526.45,95503
10795,"F3",30,0,0,0,0,0,0,0.6,1732,5813,1045.61,53194
10794,"F3",30,0,0,0,0,0,0,0.69,1520,4522,1052.6,60402
10661,"A",700,32,12,4,0,48,12,1.74,48242,259123,84037.56,924266
10695,"M1",315,16,8,0,0,24,7,1.05,19138,113477,18767.45,333108
10807,"F2",75,0,0,0,0,0,1,0.61,6524,19755,3945.39,197544
10811,"F2",33,0,0,0,0,0,1,0.52,2386,6451,1021.61,115831
10815,"F2",35,0,0,0,0,0,1,0.56,2187,9691,1771.02,113989
10816,"F2",35,0,0,0,0,0,1,0.54,2435,6384,1315.97,91629
10809,"F2",42,0,0,0,0,0,1,0.55,3394,10013,1862.13,91958
10814,"F2",45,0,0,0,0,0,0,0.64,2352,12391,1476.16,110319
10808,"F2",69,0,0,0,0,0,1,0.47,3357,11562,720.87,118334
10810,"F2",24,0,0,0,0,0,0,0.56,975,2811,541.75,51551
10812,"F3",15,0,0,0,0,0,0,0.65,709,2315,404.81,36824
10813,"F3",21,0,0,0,0,0,0,0.49,1145,2801,555.61,47551
10692,"S",280,17,6,0,0,23,8,1.13,15702,76552,11761,315023
10693,"M1",218,8,4,0,0,12,5,1.21,7099,34267,8624.58,192023
10799,"F2",30,0,0,0,0,0,1,0.6,2149,6595,1298.43,62088
10801,"F2",32,0,0,0,0,0,1,0.56,1644,5755,924.59,106802
10798,"F2",30,0,0,0,0,0,1,0.62,2501,7905,1554.37,76240
10800,"F3",28,0,0,0,0,0,1,0.64,1135,3394,741,51328
10689,"S",324,20,8,0,0,28,10,1.46,18199,96225,26550.52,309232
10787,"F1",106,0,0,0,0,0,1,0.62,7626,27328,4723.54,198133
10782,"F2",36,0,0,0,0,0,1,0.59,1982,6982,1171.76,61940
10784,"F2",56,0,0,0,0,0,1,0.52,3797,12272,1959.63,132339
10785,"F2",90,0,0,0,0,0,2,0.66,5921,222229,3907.86,135512
10786,"F2",51,0,0,0,0,0,0,0.58,3413,11714,1974.42,85911
10788,"F3",36,0,0,0,0,0,1,0.53,2418,7766,1285.65,63660
10731,"S",440,20,6,0,0,26,7,1.41,36405,178868,51367.46,539793
10732,"M1",252,8,6,0,0,14,4,1.2,16253,81930,19472.72,303932
11283,"M2",88,0,0,0,0,0,2,0.58,6823,24128,3974.4,127397
11282,"M2",120,0,0,0,0,0,4,0.75,12454,41098,9288.19,244613
11280,"F1",60,0,0,0,0,0,2,0.57,5818,17519,3298.81,117178
11285,"F2",63,0,0,0,0,0,1,0.51,4393,11493,2259.76,103690
11287,"F2",30,0,0,0,0,0,1,0.44,3282,7818,1458,87727
11281,"F2",30,0,0,0,0,0,1,0.53,1526,4049,810.92,33138
11278,"F2",62,0,0,0,0,0,1,0.52,4569,12660,2376,83192
11286,"F2",49,0,0,0,0,0,1,0.52,3493,10927,1802.39,80680
11288,"F2",30,0,0,0,0,0,1,0.48,1847,5121,881.2,50231
11279,"F2",30,0,0,0,0,0,1,0.44,2216,5872,982.8,40238
11284,"F2",30,0,0,0,0,0,1,0.5,3375,10511,1687.5,64164
21948,"F2",34,0,0,0,0,0,1,0.48,2350,5993,1129.65,64248
14136,"F3",16,0,0,0,0,0,0,0.46,696,2058,318.56,18743
10679,"A",722,30,6,6,0,42,17,1.61,55553,270712,89412.55,656371
11302,"M2",120,6,2,0,0,8,2,0.68,10448,38315,7091.06,326615
11297,"F1",98,0,0,0,0,0,2,0.55,9416,27568,5190.1,214446
11301,"F1",54,0,0,0,0,0,1,0.48,4284,11669,2044.75,146686
11300,"F2",38,0,0,0,0,0,1,0.46,3342,9049,1545.68,180747
11298,"F2",50,0,0,0,0,0,1,0.59,3881,14018,2282.42,153561
11303,"F2",30,0,0,0,0,0,1,0.46,3243,7983,1505.08,125943
13819,"F2",30,0,0,0,0,0,1,0.75,1152,5154,859.16,113921
11299,"F2",58,0,0,0,0,0,1,0.47,4319,11478,2035.11,171323
10737,"S",278,8,20,0,0,28,5,1.28,14850,78217,18990.18,516834
11320,"S",340,14,8,5,0,55,10,1.56,18267,116210,28580.55,391504
11317,"M2",153,6,4,0,0,10,3,0.78,10307,40870,8051.83,131983
11315,"F2",34,0,0,0,0,0,0,0.53,2957,8468,1561,105006
11316,"F2",60,0,0,0,0,0,1,0.68,5449,15448,3709.13,108732
11318,"F2",36,0,0,0,0,0,1,0.55,3403,10854,1878.12,66628
11319,"F2",60,0,0,0,0,0,2,0.56,5164,16037,2898.55,140295
11321,"F2",69,0,0,0,0,0,1,0.75,5336,19215,3988.66,148555
10736,"S",505,18,10,0,8,36,8,1.16,33741,157874,38991.1,453541
11310,"M2",84,2,3,0,0,5,3,0.5,7294,18403,3673.26,172432
11311,"F1",60,0,0,0,0,0,1,0.57,5974,15767,3381.28,184760
11314,"F2",32,0,0,0,0,0,1,0.47,1890,5147,888.68,63287
11308,"F2",32,0,0,0,0,0,1,0.57,2679,7466,1538.28,102352
11312,"F2",30,0,0,0,0,0,1,0.56,2497,7177,1385.84,138933
11313,"F2",30,0,0,0,0,0,1,0.45,2103,5347,946.14,90373
11309,"F2",30,0,0,0,0,0,1,0.51,1330,4042,676.44,47598
10677,"A",855,42,8,8,0,58,13,1.72,46116,260621,79453.26,1041527
10729,"S",362,12,8,0,0,20,6,1,20890,92566,20879.56,335050
10728,"M1",304,7,5,1,0,13,5,1.08,11432,61915,12357.99,196675
10730,"M1",340,10,5,0,0,15,5,1.08,14928,82949,15852.01,244970
11458,"F1",60,0,0,0,0,0,1,0.75,5048,15963,3793.57,117778
11275,"F2",30,0,0,0,0,0,0,0.54,1634,4782,881.22,65005
11274,"F2",48,0,0,0,0,0,1,0.63,2245,6680,1409.64,94267
11276,"F2",60,0,0,0,0,0,1,0.55,5732,15532,3127.95,136370
11277,"F2",38,0,0,0,0,0,0,0.67,1235,4276,823.87,56642
11273,"F2",65,0,0,0,0,0,1,0.48,4840,16537,2314.97,93851
28858,"F3",0,0,0,0,0,0,0,0,NA,NA,NA,34375
10735,"S",311,16,0,0,0,16,6,1.15,17839,97401,20151,399613
11306,"F1",90,5,0,0,0,5,2,0.79,2815,14783,2220.47,97085
11307,"F2",37,0,0,0,0,0,1,0.59,1641,6057,962.61,83346
10734,"A",602,27,9,0,0,36,12,1.03,48579,208385,50021.8,821424
11304,"M1",287,8,5,0,0,13,4,0.94,16774,74918,15718.92,414612
10678,"A",680,52,8,6,0,66,15,1.52,39275,205359,59890.45,766614
10733,"M1",262,16,4,0,0,20,5,1.21,16640,89007,20069.5,309736
11295,"M2",144,6,0,0,0,6,3,0.8,9996,38383,8007.8,259436
11290,"F1",106,0,0,0,0,0,3,0.79,6971,27742,5477.11,175979
11293,"F2",68,0,0,0,0,0,2,0.67,4042,13311,2717.44,139487
11289,"F2",120,0,0,0,0,0,3,1,8553,27779,8594.91,218112
11291,"F2",62,0,0,0,0,0,1,0.66,5095,16613,3355.57,155918
11292,"F2",60,4,0,0,0,4,2,0.75,4449,15132,3319.4,144814
11294,"F2",60,4,0,0,0,4,2,0.74,3869,13428,2853.77,169114
11296,"F2",60,0,0,0,0,0,1,0.64,3948,13620,2518.82,111067
10664,"A",755,45,6,12,0,63,15,1.71,47594,226030,81190.6,567348
10834,"F1",30,0,0,0,0,0,1,0.73,2613,10137,1899.13,92884
10843,"F1",34,0,0,0,0,0,1,0.62,2118,7214,1316.55,83534
10839,"F1",36,0,0,0,0,0,1,0.63,2457,7714,1551.35,70216
10841,"F1",62,0,0,0,0,0,1,0.56,4364,16046,2456.06,110042
10842,"F2",30,0,0,0,0,0,1,0.61,2177,6521,1337.55,76920
10844,"F2",30,0,0,0,0,0,1,0.52,2337,7631,1226.46,72640
10836,"F2",30,0,0,0,0,0,1,0.6,2863,10481,1709.5,53525
10835,"F2",30,0,0,0,0,0,1,0.58,1622,5621,933.46,61316
10838,"F2",69,0,0,0,0,0,1,0.53,4184,14540,2235.09,94882
10837,"F2",26,0,0,0,0,0,1,0.61,1673,5321,1015.68,61094
10840,"F2",46,0,0,0,0,0,1,0.65,3190,8097,2083.39,70835
10697,"A",585,28,12,0,0,40,12,1.5,38705,214686,57968.48,434276
10854,"M2",116,8,2,0,0,10,3,0.62,10268,33350,6428.89,193518
10851,"F1",65,0,0,0,0,0,2,0.69,5527,22626,3828,138384
10852,"F1",90,0,0,0,0,0,2,0.54,6286,20697,3408,135378
10855,"F1",111,0,5,0,0,5,2,0.69,8256,34015,5683.43,120775
10833,"F2",41,0,0,0,0,0,0,0.6,3181,9906,1911.46,92565
10850,"F2",34,0,0,0,0,0,1,0.64,3768,10339,2407,150210
10853,"F2",44,0,0,0,0,0,1,0.54,3700,10911,2002.07,123618
10856,"F2",40,0,0,0,0,0,0,0.63,4157,12673,2618.91,123882
13747,"F2",12,0,0,0,0,0,0,0.56,607,1830,323,44371
31327,"F3",0,0,0,0,0,0,0,0,0,0,0,17828
10662,"A",850,42,16,8,0,66,18,1.92,49274,272262,94744.05,650664
10819,"S",250,2,5,0,0,7,5,0.85,23689,86603,20237.51,615214
10817,"M2",90,0,0,NA,0,0,2,0.79,8873,25876,6972.4,351396
10822,"M2",137,0,6,0,0,6,4,0.9,10949,47905,9895.71,325372
10823,"M2",113,0,2,0,0,2,3,0.77,10487,40627,8112.74,267590
10821,"F1",81,0,0,0,0,0,2,0.53,6960,23121,3671.4,278703
10825,"F1",40,0,0,0,0,0,1,0.66,3314,12874,2184.92,240464
10824,"F2",30,0,0,0,0,0,0,0.53,377,1612,201.47,36100
10826,"F2",60,0,0,0,0,0,1,0.57,4507,16680,2566.74,109360
10820,"F2",23,0,0,0,0,0,1,0.56,1489,4374,840.24,77403
10818,"F2",30,0,0,0,0,0,1,0.48,1587,5698,769.22,84784
28006,"F3",30,0,0,0,0,0,0,0.79,1731,6467,1371.82,70447
10696,"S",312,8,6,0,4,18,6,1.22,19878,97115,24165.68,301317
13816,"F2",26,0,0,0,0,0,0,0.43,1318,3452,569.9,32739
10846,"F2",34,0,0,0,0,0,0,0.58,2090,5786,1212.83,77176
10845,"F2",33,0,0,0,0,0,1,0.49,2008,5828,986.33,99053
10847,"F2",36,0,0,0,0,0,0,0.51,2371,7007,1205.89,78861
10848,"F2",33,0,0,0,0,0,0,0.68,1315,5167,888.81,75631
10849,"F3",7,0,0,0,0,0,0,0.66,154,494,101.21,14279
10665,"A",433,32,12,0,0,44,8,1.31,27555,136622,36019.9,390827
10857,"M1",205,4,0,0,0,4,4,0.86,15962,65331,13751.26,289152
10858,"F2",65,0,0,0,0,0,1,0.58,3991,12284,2325.95,102286
10859,"F2",29,0,0,0,0,0,0,0.54,1630,4975,886.07,73342
10860,"F2",34,0,0,0,0,0,1,0.6,2297,6307,1382.79,103999
10861,"F2",60,0,0,0,0,0,1,0.48,1910,24678,917.56,171032
10862,"F2",30,0,0,0,0,0,1,0.59,1324,3878,780.5,69698
10663,"A",525,15,8,0,0,23,9,1.4,44424,224314,62233.58,601784
10829,"M1",200,6,2,0,0,8,3,0.9,14045,54307,12619.43,222615
10827,"M1",162,0,0,0,0,0,4,0.52,6138,18368,3165.83,190799
10828,"F1",70,0,5,0,0,5,2,0.54,5027,15686,2734.69,120049
22734,"F2",26,0,0,0,0,0,0,NA,NA,NA,NA,45076
23962,"F2",30,0,0,0,0,0,0,0.46,1366,4384,626,85472
10831,"F2",48,0,0,0,0,0,1,0.57,3450,9619,1980.3,144481
10832,"F2",58,9,0,0,0,9,1,0.46,4409,15192,2032,160315
10830,"F2",45,0,0,0,0,0,2,0.53,2334,7129,1226.28,113434
10685,"A",415,23,8,0,0,31,6,1.2,38480,171663,46464.47,609705
10753,"M1",200,6,4,0,0,10,4,0.82,13510,57427,11129.54,323669
10752,"M2",120,5,0,0,0,5,3,0.95,8944,34728,8471.76,224363
10754,"F1",74,0,0,0,0,0,2,0.73,5945,21840,4360.66,120066
10755,"F2",41,0,0,0,0,0,1,0.55,3581,12894,1956.66,118111
28785,"F3",0,0,0,0,0,0,0,NA,NA,NA,NA,24077
10699,"S",388,24,8,0,0,32,8,1.45,24133,141250,34915.62,317109
10870,"M1",154,8,0,0,0,8,4,0.72,11190,44488,8066.03,204176
13817,"F2",51,0,0,0,0,0,1,0.49,3589,13337,2183,115680
10866,"F2",34,0,0,0,0,0,1,0.56,2424,8363,1170.21,77220
10867,"F2",45,0,0,0,0,0,1,0.42,2758,10546,1381.27,56148
10868,"F2",85,0,0,0,0,0,1,0.58,5942,22358,3427.94,153104
10869,"F2",77,0,0,0,0,0,1,0.58,3820,13780,2232.05,154869
28850,"F3",10,0,0,0,0,0,0,NA,NA,NA,NA,14231
28849,"F3",10,0,0,0,0,0,0,NA,NA,NA,NA,6647
10709,"S",540,16,8,2,0,26,10,1.47,44047,188489,64700.64,371893
11081,"M2",120,0,0,0,0,0,2,0.79,10368,32025,8229.08,191149
11087,"M2",60,0,0,0,0,0,1,0.73,6657,21377,4878.92,153063
11449,"M2",120,8,0,0,0,8,2,0.93,8803,34617,8194.71,234890
11078,"F1",124,0,0,0,0,0,2,0.76,11243,38186,8531.99,218015
11080,"F2",81,0,0,0,0,0,1,0.54,7779,26465,4208,140175
11084,"F2",40,0,0,0,0,0,1,0.55,5512,14121,3038.68,136535
11085,"F2",30,0,0,0,0,0,1,0.51,3345,9377,1692.24,87088
11077,"F2",37,0,0,0,0,0,1,0.54,3127,8791,1696.71,82523
11079,"F2",30,0,0,0,0,0,1,0.59,1690,5532,986.68,51930
11083,"F2",30,0,0,0,0,0,1,0.53,2101,6096,1107.44,66623
11086,"F2",73,0,0,0,0,0,1,0.49,6164,17312,3025.29,108164
11088,"F2",34,0,0,0,0,0,1,0.53,2310,7379,1219.68,71029
11082,"F2",56,0,0,0,0,0,1,0.5,3771,9285,1728.05,90502
28789,"F3",0,0,0,0,0,0,0,0,0,0,0,16754
28790,"F3",0,0,0,0,0,0,0,0,0,0,0,24006
28017,"F3",0,0,0,0,0,0,0,0,0,0,0,44305
28791,"F3",0,0,0,0,0,0,0,0,0,0,0,27635
10670,"A",867,39,23,12,3,77,21,2.06,78156,381275,160837.23,805247
10998,"M1",224,10,4,0,0,14,9,1.02,19319,59371,19705.38,279592
12275,"M1",120,6,2,0,0,8,6,0.85,6859,20676,5821.92,101269
11002,"M2",120,0,0,0,0,0,2,0.73,9928,32079,7254,179272
11004,"M2",67,0,0,0,0,0,2,0.66,8376,24891,5568.36,184820
11445,"M2",107,0,0,0,0,0,2,0.67,9683,28799,6526.34,128271
11000,"F1",120,0,0,0,0,0,2,0.66,10816,36495,6923.09,185374
11011,"F2",45,0,0,0,0,0,1,0.65,3349,10009,2161.44,84524
11010,"F2",35,0,0,0,0,0,1,0.6,3736,9532,2214.6,80320
14132,"F2",30,0,0,0,0,0,1,0.47,3559,7273,1682.34,55039
10995,"F2",30,0,0,0,0,0,1,0.59,5377,12501,3170.28,91499
11003,"F2",30,0,0,0,0,0,1,0.63,2084,6371,1311.46,73751
10996,"F2",30,0,0,0,0,0,1,0.61,3057,9153,1864.77,86843
11012,"F2",33,0,0,0,0,0,1,0.49,2332,6217,1144.08,47632
11008,"F1",98,0,0,0,0,0,1,0.51,7520,25609,3817.9,147561
11009,"F1",74,0,0,0,0,0,1,0.77,5881,23981,4518.37,129339
11006,"F2",30,0,0,0,0,0,1,0.73,2410,8965,1762.43,64756
11005,"F2",35,0,0,0,0,0,1,0.66,1987,6589,1318.18,50381
10999,"F2",60,0,0,0,0,0,1,0.56,4439,15748,2490.28,98013
10997,"F1",92,0,0,0,0,0,1,0.65,8622,24264,5595.03,145100
11007,"F2",45,0,0,0,0,0,1,0.63,4326,14929,2739.66,104300
11001,"F2",47,0,0,0,0,0,1,0.59,4820,15537,2843.32,83036
77651,"F3",0,NA,NA,NA,NA,NA,NA,NA,NA,NA,NA,NA
77652,"F3",0,NA,NA,NA,NA,NA,NA,NA,NA,NA,NA,NA
77650,"F3",0,NA,NA,NA,NA,NA,NA,NA,NA,NA,NA,NA
77649,"F3",0,NA,NA,NA,NA,NA,NA,NA,NA,NA,NA,NA
10707,"S",580,24,12,4,12,52,16,1.52,46119,181882,69934.85,529080
11055,"M2",95,0,0,0,0,0,2,0.7,11627,32087,8193.55,207480
11057,"M2",102,0,0,0,0,0,2,0.69,7672,22708,5317.46,164080
11052,"F1",96,8,0,0,0,8,2,0.76,8120,28815,6163.89,167190
11058,"F1",112,0,0,0,0,0,2,0.51,13266,37061,6828.01,174480
11053,"F2",60,0,0,0,0,0,1,0.58,5451,13644,3186.11,105810
11051,"F2",33,0,0,0,0,0,1,0.58,2160,4983,1249.99,54970
11054,"F2",52,0,0,0,0,0,2,0.61,5498,13583,3334.54,139160
11056,"F2",38,0,0,0,0,0,1,0.49,5365,12583,2605.24,89080
11059,"F2",30,0,0,0,0,0,1,0.57,2746,7335,1575.93,62270
11060,"F2",32,0,0,0,0,0,1,0.51,3080,6680,1567.1,62240
24704,"F3",0,0,0,0,0,0,0,NA,NA,NA,NA,36060
28843,"F3",0,0,0,0,0,0,0,NA,NA,NA,NA,8670
10708,"A",763,44,16,12,0,72,16,1.55,64183,281378,99670,665841
11061,"M2",92,4,0,0,0,4,2,0.85,8060,23853,6853,206794
11066,"M2",123,4,0,0,0,4,4,0.91,9493,29252,8656,216596
11070,"M2",156,0,2,0,0,2,2,0.8,11265,33981,9018,258919
11069,"M2",90,0,0,0,0,0,1,0.65,8783,22302,5711,200225
11065,"F1",40,0,0,0,0,0,1,0.65,2265,5848,1464,127293
11063,"F2",60,0,0,0,0,0,1,0.52,4428,10847,2295,144384
11076,"F2",34,0,0,0,0,0,2,0.52,2550,6592,1327,83420
11064,"F2",30,0,0,0,0,0,1,0.63,2298,5775,1437,78919
11062,"F2",34,0,0,0,0,0,1,0.53,2528,6500,1330,115751
11067,"F2",39,0,0,0,0,0,2,0.53,2630,6157,1387,89880
11072,"F2",30,0,0,0,0,0,1,0.55,2066,5367,1131,64682
11074,"F2",28,0,0,0,0,0,1,0.61,1243,2980,761,56592
11071,"F2",35,0,0,0,0,0,1,0.78,1828,4713,1419,56022
11075,"F2",35,0,0,0,0,0,1,0.54,1902,5555,1028,68690
11068,"F2",56,0,0,0,0,0,1,0.53,4104,11155,2192,97229
11073,"F2",38,0,0,0,0,0,1,0.57,2802,6608,1596,117167
27989,"F3",0,0,0,0,0,0,0,NA,NA,NA,NA,32272
27988,"F3",0,0,0,0,0,0,0,NA,NA,NA,NA,33473
27990,"F3",0,0,0,0,0,0,0,NA,NA,NA,NA,52866
10711,"S",345,10,6,0,8,24,16,1.32,27457,112902,36215.78,359784
11451,"M2",139,8,0,0,0,8,2,0.67,7278,22296,4876.26,158981
11110,"F1",80,0,0,0,0,0,1,0.67,6437,21115,4315.36,133519
11105,"F2",40,0,0,0,0,0,1,0.43,2799,6540,1207.21,79124
11109,"F2",59,0,0,0,0,0,1,0.6,4789,14342,2849.46,130755
11107,"F2",42,0,0,0,0,0,1,0.57,1287,3678,727.41,44939
11111,"F2",38,0,0,0,0,0,1,0.48,2358,5892,1120.99,108605
11106,"F2",43,0,0,0,0,0,1,0.48,3268,4970,1573.22,90441
11104,"F2",50,0,0,0,0,0,2,0.51,2239,6616,1149.05,95721
11112,"F2",40,0,0,0,0,0,1,0.47,2700,8108,1281.42,95343
11108,"F2",46,0,0,0,0,0,2,0.52,3912,10537,2044.8,113579
40840,"F3",0,NA,NA,NA,NA,NA,NA,NA,NA,NA,NA,NA
11040,"S",175,8,4,0,0,12,4,1.04,16118,60738,16748.21,194398
11046,"F1",85,4,2,0,0,6,2,0.73,6009,21922,4383.57,101436
11043,"F2",59,0,0,0,0,0,1,0.67,4115,15939,2743.47,93160
11048,"F2",50,0,0,0,0,0,1,0.77,3988,13193,3054.41,77009
11047,"F2",38,0,0,0,0,0,2,0.52,3857,11235,1998.31,107341
11041,"F2",46,0,0,0,0,0,2,0.58,3522,10092,2060.02,104081
11049,"F2",38,0,0,0,0,0,0,0.7,2709,9411,1894.4,89970
11050,"F3",16,0,0,0,0,0,0,0.67,1535,5147,1020.93,41861
10705,"S",423,12,8,0,8,28,8,1.35,43413,161940,58668.33,430745
11447,"M2",60,0,0,0,0,0,2,0.73,5587,17935,4074.04,134091
11031,"F2",60,0,0,0,0,0,1,0.51,5183,13376,2659.92,123813
11035,"F2",64,0,0,0,0,0,1,0.55,5304,14237,2921.44,76895
11030,"F2",31,0,0,0,0,0,1,0.51,2158,6387,1094.75,55418
11032,"F2",41,0,0,0,0,0,0,0.6,4851,14295,2925.15,80140
11039,"F2",44,0,0,0,0,0,0,0.47,3820,10019,1788.52,103281
11037,"F2",51,0,0,0,0,0,0,0.52,3257,9847,1682.24,87001
11034,"F2",34,0,0,0,0,0,1,0.48,1581,3760,755.09,58933
11038,"F2",30,0,0,0,0,0,0,0.48,2760,6779,1318.18,57600
11036,"F1",113,0,0,0,0,0,2,0.61,7914,24446,4851.28,175860
14133,"F2",36,0,0,0,0,0,0,0.63,3541,8319,2231.18,77897
11033,"F3",26,0,0,0,0,0,0,0.55,1077,2962,597.41,32573
28861,"F3",20,0,0,0,0,0,0,0.58,1496,4032,867.53,52566
10710,"A",653,44,12,8,16,80,13,1.55,47533,259501,73619.11,525287
11450,"M1",320,6,2,0,0,8,4,1,13623,48274,13612.1,375369
11095,"M2",90,3,3,0,0,6,1,0.83,10211,34145,8521.08,189688
11092,"F1",83,0,0,0,0,0,2,0.8,7509,26351,6008.7,132407
11090,"F2",30,0,0,0,0,0,1,0.54,2661,8789,1448.38,68088
11089,"F2",35,0,0,0,0,0,1,0.68,2259,6879,1533.86,79598
11096,"F2",36,0,0,0,0,0,1,0.55,3059,9287,1682.76,98520
11101,"F2",74,0,0,0,0,0,2,0.58,3855,12946,2252.09,176669
11102,"F2",40,0,0,0,0,0,1,0.58,2127,6714,1228.77,82052
11100,"F2",30,0,0,0,0,0,1,0.51,2492,6978,1268.18,48174
11097,"F2",78,0,0,0,0,0,2,0.67,5820,19678,3914.53,135234
21323,"F2",46,0,0,0,0,0,1,0.8,2966,8067,2373.1,67437
11091,"F2",120,0,0,0,0,0,2,0.76,8740,23397,6668.62,141299
11103,"F2",40,0,0,0,0,0,1,0.62,2218,7071,1380.93,72656
11093,"F2",36,0,0,0,0,0,1,0.62,2649,7352,1639.47,90365
11099,"F2",41,0,0,0,0,0,0,0.6,2921,8164,1765.74,85051
11098,"F2",90,0,0,0,0,0,1,0.56,7210,23773,4059.23,167619
11094,"F3",13,0,0,0,0,0,0,0.58,965,2650,563.66,30028
10706,"S",346,12,10,12,8,42,8,1.32,26908,116517,35478.2,385616
11448,"M2",200,8,4,0,0,12,3,1.28,18139,69806,23168.94,280419
11042,"F1",76,0,0,0,0,0,3,0.72,9891,26794,7078,163567
11044,"F2",30,0,0,0,0,0,1,0.51,2567,5908,1312.25,68340
11045,"F2",36,0,0,0,0,0,1,0.39,4292,8363,1688.04,73130
28811,"F3",0,0,0,0,0,0,0,NA,NA,NA,NA,58660
28778,"F3",0,0,0,0,0,0,0,NA,NA,NA,NA,24283
28815,"F3",0,0,0,0,0,0,0,NA,NA,NA,NA,40273
21356,"F3",30,0,0,0,0,0,0,0.47,1809,4647,845.35,51825
10704,"S",313,8,4,0,2,14,6,1.21,23787,91036,28834.6,276844
10993,"F1",94,0,0,0,0,0,2,0.72,7258,23691,5219.95,158414
10991,"F2",75,0,0,0,0,0,1,0.67,5062,13911,3403.69,127254
23367,"F2",40,0,0,0,0,0,1,0.89,3449,9398,3063.75,70113
10992,"F2",35,0,0,0,0,0,1,0.68,2681,7859,1823.35,90791
10994,"F2",51,0,0,0,0,0,0,0.64,3710,11495,2377.74,99002
10671,"A",924,81,12,8,0,101,20,2.12,67295,331988,142517.35,795352
11015,"M1",154,9,0,0,0,9,4,0.89,10628,40066,9461.05,235628
11023,"M2",99,0,0,0,0,0,2,0.63,8952,28526,5646.03,219260
11018,"M2",94,0,0,0,0,0,2,0.66,9762,29751,6490.75,194610
11025,"F1",117,0,0,0,0,0,2,0.69,8446,29955,5865.75,191815
11446,"F1",114,0,0,0,0,0,2,0.66,8585,28478,5643.78,252527
11013,"F2",35,0,0,0,0,0,1,0.64,3827,10858,2442.77,131417
11020,"F2",30,0,0,0,0,0,1,0.66,1741,5631,1149.58,82306
11019,"F2",30,0,0,0,0,0,1,0.64,1365,4140,866.91,80263
11028,"F2",30,0,0,0,0,0,0,0.51,2282,4883,1155.15,47863
11024,"F2",70,0,0,0,0,0,1,0.58,6228,18841,3610.37,121309
11017,"F2",36,0,0,0,0,0,1,0.72,2937,7893,2103.19,140321
11029,"F2",30,0,0,0,0,0,1,0.64,2393,6750,1533.67,65904
11022,"F2",55,0,0,0,0,0,1,0.54,5251,14606,2860.74,102770
11021,"F2",30,0,0,0,0,0,1,0.63,3506,9738,2197.91,89179
11026,"F2",30,0,0,0,0,0,1,0.6,2102,6326,1267.09,66658
11014,"F2",42,0,0,0,0,0,1,0.62,3696,9801,2287.08,102762
11027,"F2",34,0,0,0,0,0,0,0.55,2042,5842,1119.83,60039
25058,"F3",10,0,0,0,0,0,0,0.61,314,926,192.92,45602
25059,"F3",0,0,0,0,0,0,0,0.61,227,626,138.56,41884
11016,"F3",10,0,0,0,0,0,0,0.61,61,165,36.98,34889
10702,"S",626,24,12,4,8,48,9,1.37,44660,190910,48674.56,357964
10980,"M2",94,0,0,0,0,0,2,0.62,6274,20715,3502.01,155291
10978,"M1",179,9,2,0,0,11,4,0.94,16179,65722,13890.37,466100
10973,"M2",79,0,0,0,0,0,2,0.64,7829,23931,4570,178799
10974,"F1",60,0,0,0,0,0,1,0.81,6377,20705,4845.63,158815
10975,"F1",75,0,0,0,0,0,2,0.61,5310,14329,2885.35,154143
10972,"F2",78,0,0,0,0,0,1,0.65,6865,22444,4237.13,181646
10971,"F2",30,0,0,0,0,0,1,0.63,3409,10025,1995.72,113924
10981,"F2",60,0,0,0,0,0,2,0.62,3869,11365,2211.12,113208
10977,"F2",30,0,0,0,0,0,1,0.56,2508,8724,1571.76,85541
10983,"F2",30,0,0,0,0,0,1,0.55,2005,6079,1010.18,59588
10970,"F2",50,0,0,0,0,0,1,0.53,4678,15720,2285.67,113317
10979,"F2",30,0,0,0,0,0,1,0.59,3355,9753,2016.78,114435
10982,"F2",30,0,0,0,0,0,1,0.58,2484,7126,1332.86,58659
10976,"F2",30,0,0,0,0,0,1,0.57,4575,11074,1843.88,83982
4007,"F3",10,0,0,0,0,0,0,NA,73,128,0,10881
10666,"A",1280,65,20,22,26,133,31,2.35,105032,569126,246462,947611
23839,"M1",200,4,0,0,0,4,4,0.97,13721,50260,13273.7,216268
10890,"M1",239,3,0,0,0,3,4,0.73,18380,68395,13492.76,345101
10871,"M2",120,0,0,0,0,0,2,0.71,9177,32491,6492.73,197959
10876,"M2",91,0,0,0,0,0,2,0.7,9120,30960,6388.56,182144
10877,"M2",125,0,0,0,0,0,2,0.72,10020,28204,7220.41,216702
10881,"M2",139,5,0,0,0,5,3,0.75,11034,41200,8313.92,201052
10884,"M2",144,0,0,0,0,0,3,0.84,14154,44092,11870.96,301268
10875,"F1",64,0,0,0,0,0,1,0.64,5885,18966,3772.29,122549
10886,"F1",89,0,0,0,0,0,1,0.7,5875,19071,4133.06,134423
10882,"F1",85,0,0,0,0,0,2,0.64,6811,18832,4380.15,147778
10883,"F1",140,0,0,0,0,0,2,0.6,10499,28586,6255.3,205656
10889,"F1",135,0,0,0,0,0,3,0.68,9989,37702,6762.55,247784
10887,"F1",121,0,0,0,0,0,2,0.68,7503,25494,5080.28,179334
10892,"F2",30,0,0,0,0,0,1,0.68,2243,5901,1525.46,79943
10888,"F2",34,0,0,0,0,0,1,0.6,3173,9255,1908.56,70910
10880,"F2",35,0,0,0,0,0,1,0.61,3947,12703,2400.17,117712
10873,"F2",60,0,0,0,0,0,1,0.61,3417,12147,2089,107861
11602,"F2",34,0,0,0,0,0,1,0.77,1760,4769,1352.74,56558
10893,"F2",49,0,0,0,0,0,1,0.67,2989,10573,2064.41,59981
10878,"F2",66,0,0,0,0,0,1,0.6,6148,16933,3714.62,153346
10879,"F2",81,0,0,0,0,0,1,0.66,6482,21761,4265.16,166327
10874,"F2",35,0,0,0,0,0,0,0.72,2579,6820,1869.52,69709
22456,"F2",30,0,0,0,0,0,1,0.61,2902,7765,1694.88,84644
11608,"F2",34,0,0,0,0,0,1,0.88,2213,5093,1951.2,69675
10894,"F2",42,0,0,0,0,0,1,0.62,3098,10238,1912.09,74510
10872,"F2",55,0,0,0,0,0,1,0.63,4430,13811,2798.43,144858
10891,"F2",60,0,0,0,0,0,1,0.75,4340,13088,3237.62,113623
10885,"F2",64,0,0,0,0,0,1,0.71,4425,15823,3146.62,130493
24692,"F3",30,0,0,0,0,0,1,0.74,1773,5720,1308.65,74680
27841,"F3",30,0,0,0,0,0,0,NA,NA,NA,NA,24745
27839,"F3",30,0,0,0,0,0,0,NA,NA,NA,NA,24171
27840,"F3",30,0,0,0,0,0,0,NA,NA,NA,NA,33854
10667,"A",887,15,8,2,5,30,14,1.5,65068,275944,97387.28,689394
10897,"S",362,12,8,0,0,20,7,1.02,25905,101491,26519,309903
10900,"M2",121,3,0,0,0,3,2,0.68,11156,35473,6971.7,336449
10904,"M2",163,5,0,0,0,5,2,0.53,15251,38053,8093.71,200220
10905,"M2",113,0,0,0,0,0,1,0.69,8542,22413,5853.83,178471
10902,"F1",61,0,0,0,0,0,1,0.57,5751,17347,3280.95,125783
10899,"F1",111,0,0,0,0,0,2,0.63,8426,25507,5342.08,142896
10896,"F2",88,0,0,0,0,0,1,0.61,5178,16955,3134.76,126295
10895,"F1",80,0,0,0,0,0,1,0.68,6101,17719,4148.07,108301
11619,"F2",37,0,0,0,0,0,0,0.61,1453,7599,1762.6,79987
10912,"F2",32,0,0,0,0,0,1,0.63,2327,8396,1952,79557
10907,"F2",47,0,0,0,0,0,1,0.59,3249,10171,1906.84,80551
10914,"F2",34,0,0,0,0,0,1,0.52,3140,9495,1611.28,73171
10911,"F2",36,0,0,0,0,0,0,0.64,2496,7317,1614.01,52586
10901,"F2",60,0,0,0,0,0,1,0.55,5411,16247,2973.34,139649
10913,"F2",58,0,0,0,0,0,1,0.63,3008,11741,1906.47,77871
10906,"F2",44,0,0,0,0,0,1,0.54,3446,9792,1847.75,71298
10909,"F2",35,0,0,0,0,0,1,0.61,2819,8622,1722.41,77829
10898,"F2",70,0,0,0,0,0,1,0.53,7288,18202,3885.03,134865
10908,"F2",40,0,0,0,0,0,1,0.54,3253,7916,1763.13,113955
10910,"F2",43,0,0,0,0,0,1,0.64,2511,8960,1610.05,71755
23578,"F3",31,0,0,0,0,0,0,0.5,1882,4646,936.13,70579
28020,"F3",22,0,0,0,0,0,1,0.65,1280,3596,827.65,48470
10668,"A",832,24,12,8,16,60,15,1.54,62950,319243,96766.74,622338
10918,"M1",183,8,0,0,0,8,4,0.75,15426,49584,12646.01,254491
10920,"M2",120,8,0,0,0,8,4,0.65,10995,33329,7092.87,199134
10922,"M2",150,0,0,0,0,0,3,0.62,14242,45036,8830.04,223897
10923,"M2",176,8,0,0,0,8,2,0.63,12394,37925,7810.7,204458
10916,"F1",140,0,0,0,0,0,2,0.57,8246,25658,4691.97,191177
10919,"F2",85,0,0,0,0,0,1,0.56,5738,19242,3211.56,115387
10917,"F2",60,0,0,0,0,0,1,0.53,2925,8611,1548.5,97320
10915,"F2",66,0,0,0,0,0,1,0.55,4728,11797,2603.71,111701
10926,"F2",43,0,0,0,0,0,1,0.52,3873,11940,2025.19,86075
22302,"F2",38,0,0,0,0,0,1,0.56,1477,4886,823.13,75672
10924,"F2",115,0,0,0,0,0,2,0.55,12681,35418,6923.83,108437
10921,"F2",44,0,0,0,0,0,1,0.55,2410,7054,1333.94,77382
10925,"F2",48,0,0,0,0,0,1,0.53,4328,12437,2304.66,97171
27842,"F3",30,0,0,0,0,0,0,0.49,1909,4680,936.75,45709
27844,"F3",25,0,0,0,0,0,0,0.46,2541,5079,1176.74,60340
27843,"F3",30,0,0,0,0,0,0,0.53,2142,1710,1057,56668
10712,"S",301,13,6,0,0,19,8,1.22,25594,102379,15448.97,263456
11116,"F2",30,0,0,0,2,2,1,0.57,2590,8912,775.4,68409
11115,"F2",30,0,0,0,0,0,1,0.61,2104,4511,727.09,48262
11114,"F2",30,0,0,0,0,0,1,0.52,2143,6987,628.43,57993
11113,"F2",30,0,0,0,0,0,1,0.49,2167,6212,580.04,74327
11118,"F2",30,0,0,0,0,0,1,0.47,2253,6789,651.79,45904
11117,"F2",30,0,0,0,0,0,1,0.43,2457,4130,380.89,54171
10701,"S",305,16,8,0,0,24,10,1.21,35841,109896,43407.04,347765
11444,"F1",100,8,0,0,0,8,2,0.73,9749,27047,6344.05,157817
10964,"F2",35,0,0,0,0,0,1,0.57,3746,9241,2354.93,76616
10968,"F2",34,0,0,0,0,0,1,0.61,1909,6230,1167.35,63276
10965,"F2",37,0,0,0,0,0,1,0.52,3665,9485,1898.51,115800
10963,"F2",36,0,0,0,0,0,0,0.62,1727,4512,1259.02,48174
10966,"F2",36,0,0,0,0,0,1,0.56,1552,4830,989.4,64318
10967,"F2",36,0,0,0,0,0,1,0.51,4221,9702,2173.39,101397
10969,"F3",13,0,0,0,0,0,1,0.62,1367,3391,848.63,51916
10700,"S",689,20,8,2,24,54,8,1.47,51231,228835,75383.98,470569
10929,"M2",204,8,4,0,0,12,4,0.59,16325,62208,9705.44,224412
10930,"M2",109,4,0,0,0,4,2,0.82,10178,37026,8352.36,188747
10935,"M2",100,0,0,0,0,0,1,0.72,9130,28894,6536.58,157405
10933,"F1",94,0,0,0,0,0,1,0.67,9045,27583,6062.26,169748
10934,"F1",94,0,0,0,0,0,2,0.8,8042,29112,6346.94,137552
10928,"F1",90,0,0,0,0,0,1,0.63,7635,20582,4819.86,168342
10941,"F2",33,0,0,0,0,0,1,0.65,2432,7624,1549.21,63322
10938,"F2",30,0,0,0,0,0,1,0.6,2056,5596,1222.66,62894
10936,"F2",30,0,0,0,0,0,1,0.64,1849,5230,1180.38,46899
23125,"F2",30,4,0,0,0,4,1,0.73,1872,6488,1364.55,68926
10932,"F2",40,0,0,0,0,0,1,0.71,5701,12729,4038.52,96863
10931,"F2",36,0,0,0,0,0,1,0.64,3214,11546,2043.4,83623
10942,"F2",36,0,0,0,0,0,1,0.55,2768,7350,1513.62,88362
10943,"F2",30,0,0,0,0,0,1,0.74,1769,5759,1308.02,42417
10927,"F2",30,0,0,0,0,0,1,0.6,2962,7372,1762.06,75349
10940,"F2",37,0,0,0,0,0,1,0.65,2472,6734,1595.57,76326
10939,"F2",65,0,0,0,0,0,1,0.57,5680,16386,3215.97,104601
10937,"F2",30,0,0,0,0,0,1,0.54,2869,6701,1559.68,65729
28014,"F3",10,0,0,0,0,0,0,0.63,1170,2144,720.55,50058
28015,"F3",21,0,0,0,0,0,1,0.87,2120,4589,1827.3,32968
28016,"F3",0,0,0,0,0,0,0,NA,NA,NA,NA,20128
10703,"S",349,9,5,0,0,14,7,1.07,26329,117796,28108.84,378167
10985,"F2",35,0,0,0,0,0,1,0.52,2672,7547,1396.12,66004
10986,"F2",30,0,0,0,0,0,1,0.57,3271,10763,1870.85,94800
10987,"F2",30,0,0,0,0,0,1,0.6,1787,5420,1077.02,74106
10990,"F2",30,0,0,0,0,0,1,0.59,2542,8389,1498,82622
10988,"F2",30,0,0,0,0,0,1,0.53,2384,6703,1254.22,74761
10989,"F2",38,0,0,0,0,0,1,0.61,3903,12474,2382.78,91581
10669,"A",1218,250,32,28,190,500,25,2.09,99068,520062,207371.14,939959
21984,"S",150,10,0,0,0,10,4,0.91,9731,33789,8964.54,185787
10954,"M1",209,5,0,0,0,5,4,0.91,14797,58750,14196.36,318417
11443,"M1",288,0,0,0,0,0,4,0.85,24383,97758,20280.54,299813
10951,"M2",135,6,0,0,0,6,3,0.72,8989,33001,6344.55,223169
10956,"M2",105,2,0,0,0,2,2,0.61,9972,38827,5596.23,277612
10952,"F2",41,0,0,0,0,0,1,0.6,2888,8518,1879.01,94175
10947,"F2",78,0,0,0,0,0,2,0.55,5677,16536,3326.62,206369
10946,"F2",64,0,0,0,0,0,1,0.62,5393,19609,3595.77,206319
10945,"F2",30,0,0,0,0,0,1,0.54,2401,7648,1338.16,66521
10960,"F2",28,0,0,0,0,0,1,0.57,1714,6034,949.07,77264
10957,"F2",30,0,0,0,0,0,1,0.56,1234,3956,723.86,67396
10962,"F2",25,0,0,0,0,0,1,0.49,1543,4382,791.36,70217
10948,"F2",36,0,0,0,0,0,1,0.53,3536,9499,1759.48,100931
10949,"F2",60,0,0,0,0,0,1,0.48,6207,17250,3062.85,147468
10950,"F2",47,0,0,0,0,0,1,0.56,4918,17667,2641.86,144771
10958,"F2",34,0,0,0,0,0,1,0.67,2875,7920,2067.25,86687
10953,"F2",60,0,0,0,0,0,1,0.62,5767,16414,3534.31,135556
10944,"F2",60,0,0,0,0,0,1,0.53,3484,11170,1894.69,137792
10959,"F2",30,0,0,0,0,0,1,0.52,3134,8791,1730.12,134052
10961,"F2",37,0,0,0,0,0,1,0.61,3169,9809,2182.84,92223
24032,"F3",11,0,0,0,0,0,0,0.59,1078,3183,670.73,63962
24821,"F3",13,0,0,0,0,0,0,0.65,1025,2720,671.41,61171
27968,"F3",10,0,0,0,0,0,0,0.52,1040,2872,549.7,51001
27967,"F3",10,0,0,0,0,0,1,0.69,785,2561,548.97,52665
27976,"F3",11,0,0,0,0,0,0,0.58,625,2347,382.78,36703
10738,"S",341,10,0,0,0,10,7,1.14,21907,129689,25675,331955
11340,"F2",30,0,0,0,0,0,0,0.59,3260,8410,1927,84910
11342,"F2",30,0,0,0,0,0,1,0.52,5705,20858,2987,114655
11344,"F2",30,0,0,0,0,0,0,0.6,2892,NA,1722,67093
11345,"F2",30,0,0,0,0,0,0,0.5,2626,8181,1320,86316
11346,"F2",30,0,0,0,0,0,0,0.5,3113,NA,1568,91722
11343,"F2",60,0,0,0,0,0,1,0.54,6175,NA,3344,100635
77753,"F3",10,0,0,0,0,0,0,0.5,18,NA,9,8600
11341,"F3",10,0,0,0,0,0,0,0.46,1070,NA,490,35584
10744,"S",509,8,8,8,19,43,7,1.26,33463,121748,41948.71,671237
11379,"M2",120,8,0,0,0,8,2,0.87,9008,34889,7267.05,234188
11376,"F2",60,0,0,0,0,0,1,0.53,3930,14709,536.9,364217
11377,"F2",60,0,0,0,0,0,1,0.43,3473,13646,1500.34,134385
11382,"F2",30,0,0,0,0,0,1,0.54,1488,4013,797.68,110615
11381,"F2",30,0,0,0,0,0,1,0.56,2640,7115,1467.93,159930
11383,"F2",60,0,0,0,0,0,1,0.59,3414,9886,2012.55,287215
11385,"F3",10,0,0,0,0,0,1,0.45,2079,4933,911.77,96887
11375,"F3",10,0,0,0,0,0,1,0.44,1939,5450,836.65,81881
11380,"F3",10,0,0,0,0,0,1,0.59,1151,3550,613.1,103363
11378,"F3",10,0,0,0,0,0,1,0.4,2756,7453,1120.39,85187
10680,"A",701,19,10,3,0,32,18,1.56,49853,241671,77633.64,595925
11330,"M1",234,6,4,0,0,10,4,0.93,18928,82372,20824,283077
11335,"M1",195,8,1,0,0,9,5,0.9,17140,71801,15493,214826
11329,"M2",138,4,2,0,0,6,4,0.83,15644,52261,12969,259331
11333,"M2",118,0,0,0,0,0,1,0.59,5065,17839,2981,148433
11325,"M2",104,0,0,0,0,0,2,0.61,6424,18860,2351,142196
11328,"F1",60,0,0,0,0,0,0,0.47,7691,23512,3571,152992
11327,"F1",62,0,0,0,0,0,1,0.58,3592,15634,2431,124753
11332,"F1",63,0,0,0,0,0,2,0.49,3829,11237,2018,122156
11334,"F1",50,0,0,0,0,0,0,0.47,55567,16619,2602,126061
11336,"F2",62,0,0,0,0,0,1,0.47,5021,14743,2345,94376
11660,"F2",34,0,0,0,0,0,0,0.47,1140,4747,771,61584
11331,"F2",30,0,0,0,0,0,1,0.48,3557,8464,970,15274
11338,"F2",30,0,0,0,0,0,0,0.43,3105,5855,1073,83088
11322,"F2",30,0,0,0,0,0,1,0.46,2538,10219,1533,78708
11326,"F2",33,0,0,0,0,0,1,0.61,2375,8601,1794,87359
11324,"F2",30,0,0,0,0,0,1,0.6,3619,12615,2826,123584
11337,"F2",60,0,0,0,0,0,2,0.49,4957,11795,2439,78744
40491,"F3",0,0,0,0,0,0,0,NA,NA,NA,NA,NA
11339,"F3",15,0,0,0,0,0,0,0.46,902,2959,501,42252
40742,"F3",0,0,0,0,0,0,0,NA,NA,NA,NA,NA
40743,"F3",0,0,NA,NA,NA,NA,NA,NA,NA,NA,NA,NA
40492,"F3",0,0,0,0,0,0,0,NA,NA,NA,NA,NA
10739,"S",215,8,5,0,0,13,5,1,14867,59234,14932.41,235067
10740,"M1",187,8,6,0,0,14,5,0.93,12079,45924,11292.66,164716
11348,"F2",30,0,0,0,0,0,1,0,0,NA,0,34091
11347,"F2",30,0,0,0,0,0,0,0.39,636,1452,246.2,30996
11352,"F2",30,0,0,0,0,0,1,0.6,1726,3157,1030.42,51559
11349,"F2",30,0,0,0,0,0,1,0.61,1929,6473,1180,83840
11353,"F2",30,0,0,0,0,0,1,NA,NA,NA,NA,58057
11354,"F2",30,0,0,0,0,0,1,0.57,2307,7914,1312,65928
11350,"F3",10,0,0,0,0,0,1,0.62,232,1378,144,28667
10741,"A",551,18,8,8,0,34,12,1.34,32814,202543,50208.93,503509
11355,"M2",60,0,0,0,0,0,3,0.55,4151,11706,2296.33,1627
11356,"F1",75,0,0,0,0,0,1,0.45,5711,17848,2582,171440
10743,"S",300,8,6,0,0,14,4,1.09,19263,76734,19374.11,324487
11373,"F2",48,0,0,0,0,0,1,0.48,3603,8426,1712.88,89825
11372,"F2",30,0,0,0,0,0,1,0.47,1999,5337,781.16,55825
11323,"F3",12,0,0,0,0,0,0,0.44,676,1744,299.47,25257
11374,"F3",24,0,0,0,0,0,0,0.51,1192,3168,560.12,26640
10681,"A",780,12,16,9,48,85,14,1.67,60961,281624,102044,610151
10742,"M1",126,4,0,0,0,4,4,0.79,13497,47462,10664,224291
11357,"M2",120,8,0,0,0,8,2,0.63,9877,35204,6248,227166
11360,"M2",70,0,0,0,0,0,1,0.5,5065,13984,2511,127588
14138,"M2",73,0,0,0,0,0,0,0.48,4599,15263,2224.08,141209
11366,"M2",77,0,0,0,0,0,1,0.56,6155,17185,3474.5,174922
11459,"M2",110,0,0,0,0,0,2,0.59,7329,23472,4316.05,152034
11359,"F2",33,0,0,0,0,0,0,0.44,2507,6018,649,58456
11362,"F2",30,0,0,0,0,0,1,0.44,4497,10390,2012,98444
11368,"F2",44,0,0,0,0,0,1,0.52,4415,11754,2309.05,110792
11371,"F2",30,0,0,0,0,0,0,0.5,2726,6901,1357,85744
11358,"F2",30,0,0,0,0,0,1,0.54,2671,6649,1452,91702
11365,"F2",28,0,0,0,0,0,0,0.55,2420,6242,1328,82950
11361,"F2",30,0,0,0,0,0,0,0.45,4232,13529,1904,103914
11367,"F2",30,0,0,0,0,0,0,0.52,2100,6171,1100.32,90650
11364,"F2",46,0,0,0,0,0,0,0.49,3517,9766,1718,77508
11369,"F2",60,0,0,0,0,0,1,0.54,5235,13973,2819,142552
11370,"F2",83,0,0,0,0,0,1,0.49,4660,17017,2301.11,119551
11654,"F2",30,0,0,0,0,0,0,0.4,2095,5466,840,57504
11363,"F3",41,0,0,0,0,0,0,0.42,3331,9775,1405,72973
10683,"A",551,14,8,2,7,31,9,1.41,47030,201926,66251.16,557693
11411,"M2",90,0,0,0,0,0,1,0.49,10498,27614,5129.32,193368
11408,"F1",60,0,0,0,0,0,1,0.47,7188,17030,3376.92,141060
11407,"F1",60,0,0,0,0,0,2,0.52,10560,22730,5492.26,192859
11413,"F2",60,0,0,0,0,0,1,0.5,6690,15864,3316.23,111153
11409,"F2",30,0,0,0,0,0,1,0.47,6601,12728,3126.23,116931
14139,"F2",30,0,0,0,0,0,1,0.44,3653,8113,1617.18,73750
11412,"F2",30,0,0,0,0,0,1,0.43,4144,9032,1786.48,82475
11410,"F2",60,0,0,0,0,0,1,0.51,5027,12208,2573.32,90304
28817,"F3",0,0,0,0,0,0,0,NA,NA,NA,NA,45686
10750,"S",407,10,13,8,12,43,8,1.12,30247,141008,33734.62,376899
10751,"M1",208,8,5,0,0,13,4,1.03,15185,62244,15563.84,267951
11435,"F1",60,0,0,0,0,0,1,0.46,6779,22208,3095.51,164878
11437,"F1",85,0,0,0,0,0,1,0.48,9751,30286,4661.56,154797
13818,"F2",37,0,0,0,0,0,0,0.46,6030,17127,2492.2,69650
15010,"F2",30,0,0,0,0,0,0,0.48,2873,9923,1437.65,53812
11436,"F2",30,0,0,0,0,0,0,0.48,5843,15138,2777.29,103675
23771,"F2",36,0,0,0,0,0,0,0.57,4557,13861,2573.63,76907
11438,"F2",62,0,0,0,0,0,0,0.47,9317,26004,4312,116730
11440,"F2",36,0,0,0,0,0,0,0.49,4469,12563,2188.47,88637
11439,"F2",42,0,0,0,0,0,0,0.43,6160,19050,2697.61,76125
11441,"F2",38,0,0,0,0,0,0,0.58,3793,13497,2172.65,51743
11442,"F2",35,0,0,0,0,0,0,0.55,3908,13835,2161.12,91446
10748,"S",504,30,14,0,0,44,7,1.21,30179,162177,36628.25,563504
11460,"M2",73,0,1,0,0,1,2,0.64,5640,19340,3604.52,185237
11423,"F1",104,0,0,0,0,0,1,0.58,5830,20171,3408.22,117253
11464,"F2",32,0,0,0,0,0,0,0.51,2510,7568,1275.58,36984
11427,"F2",30,0,0,0,0,0,0,0.48,3391,8988,1616.15,101446
11425,"F2",38,0,0,0,0,0,0,0.48,2774,8512,1337.9,152649
11426,"F2",42,0,0,0,0,0,0,0.47,4051,12581,1913.29,134383
11431,"F2",18,0,0,0,0,0,0,0.47,1126,3333,528.54,79306
11428,"F2",30,0,0,0,0,0,0,0.44,1693,6201,742.89,59852
11430,"F2",49,0,0,0,0,0,0,0.47,4375,12854,2048.81,64951
11429,"F2",62,0,0,0,0,0,1,0.48,5732,17844,2765.69,95430
11424,"F2",44,0,0,0,0,0,0,0.5,4251,14572,2106.8,143836
10747,"S",445,14,10,0,11,35,11,1.16,33558,168422,41340.55,432778
11417,"M2",90,0,0,0,0,0,2,0.56,6831,20184,3815,182458
11416,"F1",30,0,0,0,0,0,1,0.5,2641,6331,1319.18,84066
11414,"F2",30,0,0,0,0,0,1,0.43,2127,4790,921.2,115412
11415,"F2",30,0,0,0,0,0,1,0.42,2868,6353,1211.44,78472
11421,"F2",30,0,0,0,0,0,1,0.47,2637,6439,1244.66,84687
11418,"F2",30,0,0,0,0,0,0,0.48,3615,8879,1734.12,102603
11420,"F2",30,0,0,0,0,0,1,0.49,3014,6675,1488.61,82338
11422,"F2",30,0,0,0,0,0,1,0.43,3428,7638,1413.71,103546
11419,"F2",30,0,0,0,0,0,1,0.51,1511,3572,773.93,57483
24673,"F3",30,0,0,0,0,0,1,0.5,2298,6162,1151,59338
10684,"A",479,16,12,0,25,53,13,1.37,49887,171620,42695.52,524025
10749,"M1",170,7,6,0,0,13,3,0.73,9056,30597,6610.88,230365
11434,"F1",89,0,0,0,0,0,1,0.49,9225,26050,4490,134829
11461,"F1",72,0,0,0,0,0,1,0.47,5665,16775,2652.92,105600
24689,"F2",30,0,0,0,0,0,0,0.46,2199,6817,1017,48492
13806,"F2",30,0,0,0,0,0,0,0.45,2486,7285,1109,43276
11433,"F2",29,0,0,0,0,0,0,0.43,3011,8764,1328,53142
11432,"F2",60,0,0,0,0,0,0,0.5,5178,16293,2568,88278
10682,"A",568,53,20,8,0,81,20,1.65,54805,277796,90436,948167
10745,"S",508,16,12,0,30,58,10,1.19,38270,171637,46349,661795
11388,"M2",121,2,2,0,0,4,3,0.66,7895,26698,5195,154218
11392,"F1",60,0,0,0,0,0,1,0.5,6333,16867,3146,137529
11393,"F2",30,0,0,0,0,0,0,0.46,1285,4256,586.22,30587
11401,"F2",30,0,0,0,0,0,0,0.5,2239,5081,1109.87,62572
11397,"F2",30,0,0,0,0,0,0,0.47,2067,5826,977.48,75525
11387,"F2",68,0,0,0,0,0,2,0.51,5936,16249,3028.55,67167
11390,"F2",60,0,0,0,0,0,1,0.46,5043,15699,2308.18,95038
11396,"F2",28,0,0,0,0,0,0,0.69,2081,5598,1431.1,68388
11399,"F2",24,0,0,0,0,0,0,0.6,1859,6498,1110.94,59081
11398,"F2",30,0,0,0,0,0,1,0.46,2487,7361,1136.31,42876
11394,"F2",36,0,0,0,0,0,1,0.51,4290,12301,2175.46,128110
11386,"F2",30,0,0,0,0,0,0,0.49,2846,7488,1401.66,167072
11395,"F2",30,0,0,0,0,0,1,0.48,4494,11396,2167.01,61671
11391,"F2",44,0,0,0,0,0,0,0.5,4418,13207,2201.49,76155
11400,"F2",30,0,0,0,0,0,1,0.49,2174,5628,1057.87,106719
10746,"S",202,9,16,0,0,25,5,1.05,19808,85351,20470,275182
11405,"F1",63,2,0,0,0,2,2,0.52,7549,22046,3772,138783
11403,"F2",33,0,0,0,0,0,1,0.53,3067,9343,1639.31,70941
11402,"F2",30,0,0,0,0,0,0,0.5,1946,6019,985,60075
11404,"F2",33,0,0,0,0,0,0,0.5,3161,6791,1603,63916
11406,"F2",30,0,0,0,0,0,1,0.44,3029,7358,1265,60154
28786,"F3",30,0,0,0,0,0,1,0.42,1779,4149,655,41925
